Crop_Year,State,Area,Production,Annual_Rainfall,Fertilizer,Pesticide,Yield
2004,Andhra Pradesh,3086202.0,9601.045,1563.6,334359124.70000005,648102.42,2.7752272725
2004,Arunachal Pradesh,121642.0,134.95,2939.5,13178694.28,25544.82,1.080625
2004,Assam,2383731.0,3470.75,7610.700000000001,258253416.54,500583.51,1.3726086956666668
2004,Bihar,3140116.0,2472.156,3443.3999999999996,340200167.48,659424.36,0.957553606
2004,Chhattisgarh,3843825.0,4586.818,1122.8,416440000.5,807203.25,1.160625
2004,Delhi,8431.0,28.216,651.9,913414.54,1770.51,3.35
2004,Goa,52442.0,145.174,2518.0,5681566.28,11012.82,2.75
2004,Gujarat,679400.0,1196.5,1439.6,73606196.0,142674.0,2.2084583335
2004,Haryana,1024236.0,3010.0,484.6,110965728.2,215089.56,2.832777778
2004,Himachal Pradesh,79519.0,109.129,939.2,8615088.46,16698.99,1.454545455
2004,Jammu and Kashmir,250044.0,492.732,1032.1,27089766.96,52509.24,1.838333333
2004,Jharkhand,1134251.31,1006.373,2298.4,122884786.93,238192.7751,0.782
2004,Karnataka,1308179.0,3707.122,3353.1000000000004,141728112.82,274717.58999999997,3.336777778
2004,Kerala,289974.0,667.105,8640.599999999999,31415783.16,60894.54,2.234725275
2004,Madhya Pradesh,1675513.0,1302.615,895.7,181525078.4,351857.73,0.803541667
2004,Maharashtra,1508700.0,2147.2,2104.0,163452558.0,316827.0,1.742951613
2004,Manipur,176310.0,435.93,1613.3,19101425.4,37025.1,2.327777778
2004,Meghalaya,111550.0,193.719,14303.699999999999,12085327.0,23425.5,1.788015873
2004,Mizoram,57085.0,107.66,2640.8,6184588.9,11987.85,1.9225
2004,Nagaland,154000.0,261.75,3423.0,16684360.0,32340.0,1.823125
2004,Odisha,4492000.0,6536.0,3871.2000000000003,486663280.0,943320.0,1.4764938269999999
2004,Puducherry,24822.0,61.036,4303.762500000001,2689215.48,5212.62,2.7644444443333334
2004,Punjab,2800000.0,10437.0,366.4,303352000.0,588000.0,3.788823529
2004,Sikkim,9070.0,21.61,1650.5,982643.8,1904.7,4.7875
2004,Tamil Nadu,1872822.0,5061.622,1034.0,202901535.5,393292.62,3.015172414
2004,Tripura,256076.0,602.221,2706.3,27743273.84,53775.96,2.24
2004,Uttar Pradesh,5934405.0,10749.989,704.0,642933437.7,1246225.05,1.827714286
2004,Uttarakhand,288975.0,560.243,2439.2,31307551.5,60684.75,2.283653846
2004,West Bengal,5783613.0,14884.889,4838.700000000001,626596632.48,1214558.73,2.4103703703333337
2005,Andhra Pradesh,3981751.0,11703.624,2151.0,477491580.0,836167.7100000001,2.840681818
2005,Arunachal Pradesh,122267.0,146.191,2767.0,14662258.64,25676.07,1.16125
2005,Assam,2420327.0,3552.438,6553.799999999999,290245613.84000003,508268.67000000004,1.424169041
2005,Bihar,3251236.0,3709.285,2723.3999999999996,389888221.08000004,682759.56,1.1008377193333334
2005,Chhattisgarh,3854352.0,5267.537,1292.7,462213891.8,809413.92,1.30375
2005,Delhi,7506.0,21.092,653.1,900119.52,1576.26,2.81
2005,Goa,52177.0,147.236,3392.8,6257065.84,10957.17,2.81
2005,Gujarat,672900.0,1283.6,1884.8,80694168.0,141309.0,2.448784722
2005,Haryana,1046588.0,3194.0,516.9,125506833.0,219783.48,2.940526316
2005,Himachal Pradesh,79366.0,112.139,1248.1,9517570.72,16666.86,1.396363636
2005,Jammu and Kashmir,259014.0,556.774,1721.8,31060958.88,54392.94,2.040833333
2005,Jharkhand,1104098.1099999999,614.025,1930.4,132403445.37,231860.6031,0.5446103895000001
2005,Karnataka,1485181.0,3999.246,3948.6000000000004,178102905.56,311888.01,2.5971765433333336
2005,Kerala,275742.0,629.987,9092.7,33066980.64,57905.82,2.2106410256666664
2005,Madhya Pradesh,1700446.0,1687.475,1032.7,203917484.3,357093.66,0.881041667
2005,Maharashtra,1512500.0,2669.0,2774.4,181379000.0,317625.0,1.6113333335000002
2005,Manipur,166260.0,386.07,1585.4,19937899.2,34914.6,2.238888889
2005,Meghalaya,106071.0,208.277,10123.2,12720034.32,22274.91,1.9378571426666664
2005,Mizoram,56460.0,107.74,2075.4,6770683.2,11856.6,1.9425
2005,Nagaland,156400.0,263.1,3137.2,18755488.0,32844.0,1.85125
2005,Odisha,4479000.0,6858.0,4510.200000000001,537121680.0,940590.0,1.5653650793333334
2005,Puducherry,22925.0,53.617,4303.762500000001,2749166.0,4814.25,2.435
2005,Punjab,2642000.0,10193.0,566.7,316828640.0,554820.0,3.820588235
2005,Sikkim,9790.0,23.69,2041.6,1174016.8,2055.9,5.3425
2005,Tamil Nadu,2050455.0,5209.433,1364.1,245890563.6,430595.55,2.895517241
2005,Tripura,253067.0,602.947,1765.9,30347794.64,53144.07,2.305
2005,Uttar Pradesh,5571524.0,11119.095,751.9,668137158.1,1170020.04,1.951714286
2005,Uttarakhand,284430.0,569.166,2706.6,34108845.6,59730.3,2.755
2005,West Bengal,5782949.0,14510.742,4950.299999999999,693491244.08,1214419.29,2.4001851849999998
2006,Andhra Pradesh,3977890.0,11872.13,1690.4,508016331.9,875135.8,2.8629545455
2006,Arunachal Pradesh,123038.0,144.635,1940.0,15713182.98,27068.36,1.151875
2006,Assam,2196559.0,2916.014,5324.700000000001,280522549.92,483242.98000000004,1.378148148
2006,Bihar,3364010.0,5027.947,3158.3999999999996,429617717.09000003,740082.2,1.2989518753333333
2006,Chhattisgarh,3905319.0,5441.525,1317.2,498748289.5,859170.18,1.247222222
2006,Delhi,7381.0,20.815,462.7,942627.51,1623.82,2.82
2006,Goa,52985.0,128.945,2928.8,6766714.35,11656.7,2.41
2006,Gujarat,689300.0,1141.2,2112.4,88030503.0,151646.0,2.228715278
2006,Haryana,1042036.0,3371.0,329.3,133078417.6,229247.92,2.8545
2006,Himachal Pradesh,79206.0,123.485,1207.0,10115398.26,17425.32,1.750909091
2006,Jammu and Kashmir,252516.0,554.258,1786.5,32248818.36,55553.52,2.060833333
2006,Jharkhand,1179218.42,1429.946,2930.2,150597984.44,259428.05240000002,1.2413636365
2006,Karnataka,1395676.0,3645.526,3438.8999999999996,178241781.95,307048.72000000003,2.481993827
2006,Kerala,263529.0,641.575,10289.099999999999,33655288.59,57976.38,2.3516849816666667
2006,Madhya Pradesh,1674013.0,1389.269,1072.3,213788200.2,368282.86,0.856666667
2006,Maharashtra,1529300.0,2569.7,2878.8,195306903.0,336446.0,1.6711666665
2006,Manipur,165370.0,389.17,1533.561905,21119402.7,36381.4,2.276666667
2006,Meghalaya,104285.0,200.209,7364.099999999999,13318237.35,22942.7,1.8571428570000001
2006,Mizoram,52851.0,29.464,4706.0,6749601.21,11627.220000000001,1.01625
2006,Nagaland,164680.0,263.52,2725.0,21031282.8,36229.6,1.6
2006,Odisha,4451000.0,6823.0,5150.700000000001,568437210.0,979220.0,1.549706349
2006,Puducherry,21645.0,60.808,4303.762500000001,2764282.95,4761.9,3.2466666666666666
2006,Punjab,2621000.0,10138.0,569.6,334727910.0,576620.0,3.75
2006,Sikkim,9200.0,21.45,2270.2,1174932.0,2024.0,4.84
2006,Tamil Nadu,1931397.0,6610.607,927.9,246658710.9,424907.34,3.584827586
2006,Tripura,250939.0,628.2,1764.3,32047419.69,55206.58,2.4225
2006,Uttar Pradesh,5920752.0,11123.613,1181.0,756139237.95,1302565.44,1.9205
2006,Uttarakhand,283585.0,571.336,2357.8,36216640.35,62388.7,2.3951923075
2006,West Bengal,5687028.0,14745.892,4894.200000000001,726290345.8900001,1251146.1600000001,2.4405555556666667
2007,Andhra Pradesh,3984000.0,13324.0,2008.4,531465600.0,637440.0,3.126818182
2007,Arunachal Pradesh,124029.0,158.146,3223.9,16545468.6,19844.64,1.225625
2007,Assam,2323996.0,3318.608,6462.299999999999,310021066.4,371839.36,1.5127160496666665
2007,Bihar,3477371.0,4458.764,4800.6,463881291.4,556379.36,1.0981520470000001
2007,Chhattisgarh,3902881.0,5634.972,1246.2,520644325.4,624460.96,1.393888889
2007,Delhi,7419.0,20.946,677.5,989694.6,1187.04,2.82
2007,Goa,52191.0,121.679,3674.7,6962279.4,8350.56,2.32
2007,Gujarat,758600.0,1474.2,2043.2,101197240.0,121376.0,2.4379166665
2007,Haryana,1072545.0,3606.0,443.8,143077503.0,171607.2,3.191578947
2007,Himachal Pradesh,78571.0,121.453,1095.4,10481371.4,12571.36,1.686363636
2007,Jammu and Kashmir,263246.0,561.355,1042.2,35117016.4,42119.36,1.9745
2007,Jharkhand,1198054.31,1470.624,2889.4,159820444.98,191688.6896,1.1027056275
2007,Karnataka,1416316.0,3868.515,3969.8999999999996,188936554.4,226610.56,2.556614205666667
2007,Kerala,228938.0,528.488,10468.8,30540329.2,36630.08,2.2195238096666667
2007,Madhya Pradesh,1634912.0,1325.175,740.4,218097260.8,261585.92,0.875
2007,Maharashtra,1576700.0,3011.5,2514.4,210331780.0,252272.0,1.9316206895
2007,Manipur,166150.0,406.15,1435.7,22164410.0,26584.0,2.378888889
2007,Meghalaya,106320.0,200.077,14106.0,14183088.0,17011.2,1.7780952383333333
2007,Mizoram,54541.0,15.688,6190.4,7275769.4,8726.56,0.76325
2007,Nagaland,167500.0,311.3,3538.0,22344500.0,26800.0,1.74375
2007,Odisha,4452000.0,7540.0,4901.4,593896800.0,712320.0,1.6462619046666667
2007,Puducherry,20437.0,53.324,4303.762500000001,2726295.8,3269.92,2.738888889
2007,Punjab,2610000.0,10489.0,527.2,348174000.0,417600.0,3.968
2007,Sikkim,11860.0,19.48,2003.4,1582124.0,1897.6,1.5475
2007,Tamil Nadu,1789170.0,5039.954,1067.2,238675278.0,286267.2,3.213793103
2007,Tripura,252897.0,640.424,2831.8,33736459.8,40463.52,2.4375
2007,Uttar Pradesh,5709388.0,11780.112,1345.8,761632359.2,913502.08,2.0570714285
2007,Uttarakhand,272169.0,565.067,3848.6,36307344.6,43547.04,2.566282051
2007,West Bengal,5719755.0,14719.52,6022.5,763015317.0,915160.8,2.4222222223333336
2008,Andhra Pradesh,4387216.0,14241.133,1889.2,627547376.6,394849.44,3.075227273
2008,Arunachal Pradesh,126799.0,164.538,2244.4,18137328.96,11411.91,1.183125
2008,Assam,2484126.0,4008.435,6329.700000000001,355329383.0,223571.34,1.5587796769999998
2008,Bihar,3495273.0,5589.982,3593.1000000000004,499963849.91999996,314574.57,1.4723781006666667
2008,Chhattisgarh,3928815.0,4707.499,1117.9,561977697.6,353593.35,1.198333333
2008,Delhi,7039.0,19.873,614.6,1006858.56,633.51,2.82
2008,Goa,49326.0,121.867,6543.2,7055591.039999999,4439.34,2.54
2008,Gujarat,747300.0,1302.9,1492.2,106893792.0,67257.0,2.2682026145
2008,Haryana,1211149.0,3299.0,715.6,173242753.0,109003.41,2.569
2008,Himachal Pradesh,77709.0,118.277,1357.1,11115495.36,6993.81,1.6
2008,Jharkhand,1196859.49,1496.58,2590.4,171198781.48000002,107717.3541,1.129972826
2008,Karnataka,1513987.0,4031.539,3492.2999999999997,216560700.46,136258.83000000002,2.604846006666667
2008,Kerala,234265.0,590.241,7574.400000000001,33509265.6,21083.85,2.3341758240000003
2008,Madhya Pradesh,1706557.0,1571.103,895.0,244105913.3,153590.13,0.911020408
2008,Maharashtra,1521500.0,2287.5,2105.6,217635360.0,136935.0,1.795925926
2008,Manipur,210990.0,518.25,1134.8,30180009.6,18989.1,2.134444444
2008,Meghalaya,108045.0,203.862,9342.900000000001,15454756.8,9724.05,1.829047619
2008,Mizoram,51990.0,68.917,3824.2,7436649.600000001,4679.1,1.8806250000000002
2008,Nagaland,173100.0,345.09,1540.9,24760224.0,15579.0,1.964545455
2008,Odisha,4455000.0,6812.0,4617.0,637243200.0,400950.0,1.553004884
2008,Puducherry,20780.0,50.716,4303.762500000001,2972371.2,1870.2,2.6483333333333334
2008,Punjab,2735000.0,11000.0,691.3,391214400.0,246150.0,3.9855
2008,Sikkim,13000.0,22.23,2247.5,1859520.0,1170.0,1.5925
2008,Tamil Nadu,1931603.0,5183.385,1201.9,276296493.1,173844.27,3.562580645
2008,Tripura,242966.0,627.175,1827.8,34753856.64,21866.94,2.525
2008,Uttar Pradesh,6033382.0,13097.031,1783.2,863014961.24,543004.38,2.1097142855
2008,Uttarakhand,288365.0,568.321,2727.4,41247729.599999994,25952.850000000002,2.363846154
2008,West Bengal,5935696.0,15037.24,4680.299999999999,849041955.86,534212.6399999999,2.3601851853333335
2009,Andhra Pradesh,3440736.0,10838.267,1422.0,536135483.5,584925.12,2.9447727275
2009,Arunachal Pradesh,121468.0,143.893,1701.9,18927143.76,20649.56,1.12
2009,Assam,2497596.0,4408.424,5181.299999999999,389175408.74,424591.32,1.5850617286666668
2009,Bihar,3124030.0,3640.21,2667.8999999999996,486786354.64,531085.1,1.167758772
2009,Chhattisgarh,3837610.0,4347.316,956.9,597976390.2,652393.7,1.106666667
2009,Delhi,6821.0,19.008,528.4,1062848.22,1159.57,2.79
2009,Goa,47104.0,100.605,6669.8,7339745.28,8007.68,2.2325
2009,Gujarat,679500.0,1293.0,1236.0,105879690.0,115515.0,2.363986928
2009,Haryana,1206435.0,3628.0,393.0,187986701.7,205093.95,2.673809524
2009,Himachal Pradesh,76186.0,105.787,969.9,11871302.52,12951.62,1.484545455
2009,Jammu and Kashmir,259892.0,500.88,751.7,40496371.44,44181.64,1.859
2009,Jharkhand,983049.0,592.478,1992.2,153178695.14,167118.33000000002,0.5507336955
2009,Karnataka,1486478.0,3877.407,3963.0,231623001.94,252701.26,2.540506926
2009,Kerala,234013.0,598.339,8464.5,36463905.66,39782.21,2.3248351646666667
2009,Madhya Pradesh,1593071.0,1355.66,904.1,248232323.2,270822.07,0.906041667
2009,Maharashtra,1470600.0,2185.8,2004.8,229148892.0,250002.0,1.67859127
2009,Manipur,113890.0,265.09,992.5,17746339.8,19361.3,1.923333333
2009,Meghalaya,108162.0,204.129,8987.7,16853802.84,18387.54,1.8390476189999998
2009,Mizoram,47204.0,66.131,4172.6,7355327.28,8024.679999999999,1.65875
2009,Nagaland,168570.0,240.31,1225.9,26266577.4,28656.9,1.393636364
2009,Odisha,4365000.0,6913.0,3990.8999999999996,680154300.0,742050.0,1.5877923683333333
2009,Puducherry,20926.0,52.33,4303.762500000001,3260689.32,3557.42,2.587222222
2009,Punjab,2802000.0,11236.0,371.3,436607640.0,476340.0,3.9775
2009,Sikkim,12270.0,20.93,2176.6,1911911.4,2085.9,1.595
2009,Tamil Nadu,1845553.0,5665.258,928.5,287574068.5,313744.01,3.539677419
2009,Tripura,245538.0,640.01,2004.2,38259731.16,41741.46,2.5225
2009,Uttar Pradesh,5172741.0,10776.504,1171.6,806016502.6,879365.97,2.0698591549999996
2009,Uttarakhand,284383.0,591.016,1695.6,44312559.06,48345.11,2.2319230770000003
2009,West Bengal,5630095.0,14340.605,3951.6000000000004,877281402.94,957116.1499999999,2.4103703703333337
2010,Andhra Pradesh,4751309.0,14419.313,2594.0,789239938.0,1140314.16,2.9963636365
2010,Arunachal Pradesh,121570.0,155.993,2574.1,20193992.7,29176.8,1.219375
2010,Assam,2537455.0,5032.529,7735.5,421496650.03,608989.2,1.8579012346666666
2010,Bihar,2845368.0,3112.618,1887.6000000000001,472644078.43,682888.3200000001,1.2422566833333333
2010,Chhattisgarh,3937796.0,6637.737,1283.1,654107293.6,945071.04,1.702222222
2010,Delhi,6848.0,19.083,989.5,1137521.28,1643.52,2.79
2010,Goa,46612.0,114.994,8386.6,7742719.319999999,11186.880000000001,2.515
2010,Gujarat,808100.0,1665.8,2215.0,134233491.0,193944.0,2.407638889
2010,Haryana,1243281.0,3465.0,639.2,206521406.9,298387.44,2.561428571
2010,Himachal Pradesh,75426.0,110.238,1319.8,12529012.86,18102.24,1.561818182
2010,Jammu and Kashmir,261347.0,507.404,1352.0,43412350.17,62723.28,1.874
2010,Karnataka,1539066.0,4473.972,3953.1000000000004,255654253.22,369375.84,2.7526825396666665
2010,Kerala,213186.5,522.738,9395.400000000001,35412409.509,51164.76,2.3063553113333337
2010,Madhya Pradesh,1573535.0,1766.596,856.3,261379898.8,377648.4,1.211666667
2010,Maharashtra,1515700.0,2690.9,2778.0,251772927.0,363768.0,1.8502444445
2010,Manipur,212680.0,480.24,2160.5,35328274.8,51043.2,1.945555556
2010,Meghalaya,108285.0,207.021,9359.099999999999,17987221.349999998,25988.4,1.8119047620000002
2010,Mizoram,40692.0,47.202,8216.099999999999,6759348.12,9766.08,1.09375
2010,Nagaland,181390.0,381.36,3543.6,30130692.900000002,43533.6,2.215909091
2010,Odisha,4226000.0,6824.0,3875.7000000000003,701980860.0,1014240.0,1.5583476189999999
2010,Puducherry,20014.0,51.96,4303.762500000001,3324525.54,4803.360000000001,2.94
2010,Punjab,2831000.0,10837.0,392.7,470257410.0,679440.0,3.834
2010,Sikkim,12140.0,20.973,2527.0,2016575.4,2913.6,1.6225
2010,Tamil Nadu,1905726.0,5792.415,1095.2,316560145.9,457374.24,3.597419355
2010,Tripura,264558.0,702.473,2348.3,43945729.38,63493.92,2.5725
2010,Uttar Pradesh,5657070.0,11992.299,1485.2,939695897.7099999,1357696.8,2.0425694444999998
2010,Uttarakhand,285693.0,545.586,2838.0,47456464.23,68566.31999999999,1.8953846155
2010,West Bengal,4944146.0,13389.61,3288.0,821272092.02,1186595.04,2.5642592593333333
2011,Andhra Pradesh,4095848.0,12891.792,1723.8,686136457.0,1351629.84,2.9704545455
2011,Arunachal Pradesh,123500.0,159.543,2193.7,20688720.0,40755.0,1.21875
2011,Assam,2545706.0,4715.678,5230.200000000001,426456669.1,840082.98,1.851723647
2011,Bihar,3350936.0,8237.971,3291.2999999999997,561348798.74,1105808.88,1.9248478723333333
2011,Chhattisgarh,3939826.0,6300.825,1302.7,659999651.5,1300142.58,1.527777778
2011,Delhi,7248.0,20.198,641.3954545,1214184.96,2391.84,2.79
2011,Goa,47237.0,121.991,6680.79091,7913142.24,15588.21,2.5975
2011,Gujarat,835500.0,1789.7,1781.0,139962960.0,275715.0,2.5369444445
2011,Haryana,1234094.0,3574.3,471.5409091,206735426.9,407251.02,2.63047619
2011,Himachal Pradesh,75043.0,108.648,1108.3,12571203.36,24764.19,1.545454545
2011,Jammu and Kashmir,262169.0,544.396,887.6,43918550.88,86515.77,2.0225
2011,Jharkhand,982701.0,1376.324,2749.4,164622071.48000002,324291.33,1.1729528985
2011,Karnataka,1416135.0,4181.619,3536.959092,237230935.2,467324.55,2.6707590186666668
2011,Kerala,208159.74,568.993,9105.3,34870919.644999996,68692.7142,2.475989011
2011,Madhya Pradesh,1693231.0,2273.045,852.6,283650057.1,558766.23,1.400416667
2011,Maharashtra,1544200.0,2848.9,2348.19091,258684384.0,509586.0,1.8737103175
2011,Manipur,223670.0,591.0,1533.561905,37469198.4,73811.1,2.34
2011,Meghalaya,108875.0,222.731,12249.313635,18238740.0,35928.75,1.830476190333333
2011,Mizoram,38976.0,52.895,7318.022727,6529259.52,12862.08,1.8166666666666664
2011,Nagaland,181580.0,382.38,3088.70909,30418281.6,59921.4,2.1945454545
2011,Odisha,4005000.0,5806.0,4038.6000000000004,670917600.0,1321650.0,1.5230821253333333
2011,Puducherry,16576.0,42.114,4303.762500000001,2776811.52,5470.08,2.7977777780000004
2011,Punjab,2818000.0,10542.0,705.2,472071360.0,929940.0,3.7495
2011,Sikkim,12070.0,20.88,2585.486364,2021966.4,3983.1,1.6225
2011,Tamil Nadu,1903772.0,7458.657,926.5,318919885.4,628244.76,4.226451613
2011,Tripura,265999.0,718.304,2295.609091,44560152.48,87779.67,2.63
2011,Uttar Pradesh,5946285.0,14022.392,1554.8,996121663.24,1962274.05,2.3151767674999997
2011,Uttarakhand,274999.0,589.764,3129.4,46067832.480000004,90749.67,2.4973076925
2011,West Bengal,5433700.0,14605.766,5059.5,910253424.02,1793121.0,2.5275925926666667
2012,Andhra Pradesh,3628000.0,11511.0,1937.4,547102400.0,1124680.0,3.1065909095
2012,Arunachal Pradesh,126085.0,174.662,2760.7,19013618.0,39086.35,1.308125
2012,Assam,2484728.0,5120.052,6502.5,374696982.4,770265.6799999999,2.0109234566666667
2012,Bihar,3298887.0,8322.01,2772.3,497472159.6,1022654.97,2.2359249323333334
2012,Chhattisgarh,3982172.0,7848.401,1366.8,600511537.6,1234473.32,1.91962963
2012,Delhi,6068.0,19.768,451.9,915054.4,1881.08,3.26
2012,Goa,45830.0,122.821,6097.8,6911164.0,14207.3,2.7199999999999998
2012,Gujarat,701100.0,1497.3,921.2,105725880.0,217341.0,2.4615
2012,Haryana,1206255.0,3941.0,307.9,181903254.0,373939.05,3.041
2012,Himachal Pradesh,75380.0,111.252,1035.0,11367304.0,23367.8,1.577272727
2012,Jammu and Kashmir,261663.0,545.186,1116.7,39458780.4,81115.53,1.8875
2012,Jharkhand,1091071.0,1422.489,2204.0,164533506.8,338232.01,1.0498188405
2012,Karnataka,1278915.0,3364.379,2868.6000000000004,192860382.0,396463.65,2.5202421653333333
2012,Kerala,197277.0,508.299,6562.799999999999,29749371.6,61155.869999999995,2.4157142856666667
2012,Madhya Pradesh,1791157.0,3106.146,1049.5,270106475.6,555258.67,1.631041667
2012,Maharashtra,1559000.0,3078.04,2006.8,235097200.0,483290.0,1.8480769229999998
2012,Manipur,122690.0,257.58,1176.7,18501652.0,38033.9,1.937777778
2012,Meghalaya,109751.0,265.653,8835.900000000001,16550450.799999999,34022.81,2.160476190666667
2012,Mizoram,39342.0,57.7,6150.599999999999,5932773.6,12196.02,1.9133333333333333
2012,Nagaland,183330.0,405.18,2593.2,27646164.0,56832.3,2.335
2012,Odisha,12378000.0,9496.0,4290.6,1866602400.0,3837180.0,1.3760000000000001
2012,Puducherry,16281.0,46.519,3294.8999999999996,2455174.8,5047.11,2.9499999999999997
2012,Punjab,2849000.0,11390.0,338.9,429629200.0,883190.0,3.923636364
2012,Sikkim,11920.0,21.34,3006.9,1797536.0,3695.2,1.7175
2012,Tamil Nadu,1493276.0,4050.334,706.8,225186020.8,462915.56,3.293225806
2012,Tripura,254743.0,713.222,1882.2,38415244.4,78970.33,2.78
2012,Uttar Pradesh,5861282.0,14415.939,1492.6,883881325.6,1816997.42,2.4219809525
2012,Uttarakhand,269237.0,606.891,2619.6,40600939.6,83463.47,2.4803846155000002
2012,West Bengal,5444318.0,14946.735,4698.0,821003154.4,1687738.5799999998,2.665185185
2013,Andhra Pradesh,2583440.0,7993.425,2124.6,373281245.7,697528.8,3.0619230765000003
2013,Arunachal Pradesh,131989.0,184.104,2042.9,19071090.61,35637.03,1.300588235
2013,Assam,2503201.0,5193.379,5393.1,361687512.46000004,675864.27,2.008271605
2013,Bihar,3150814.0,6649.589,3209.7000000000003,455261114.89,850719.78,1.9043333333333337
2013,Chhattisgarh,3987721.0,7102.729,1418.3,576185807.3,1076684.67,1.75037037
2013,Delhi,6068.0,19.768,706.8,876765.32,1638.36,3.26
2013,Goa,42820.0,126.511,7285.2,6187061.800000001,11561.400000000001,3.0125
2013,Gujarat,820399.0,1778.09,2013.0,118539451.51,221507.73,2.5365240645
2013,Haryana,1244000.0,4041.0,452.2,179745560.0,335880.0,3.112
2013,Himachal Pradesh,73139.0,106.899,1216.9,10567854.11,19747.53,1.565454545
2013,Jharkhand,1087141.0,1498.321,2507.2,157081003.12,293528.07,1.138432971
2013,Karnataka,1340035.0,4052.599,3706.7999999999997,193621657.16,361809.44999999995,2.7871543210000005
2013,Kerala,199611.0,564.325,9766.2,28841793.39,53894.97,2.532307692333333
2013,Madhya Pradesh,1881546.0,3321.724,1451.4,271864581.5,508017.42,1.410204082
2013,Maharashtra,1604900.0,3108.29,2819.6,231892001.0,433323.0,1.9296666665
2013,Manipur,222800.0,597.67,1428.8,32192372.0,60156.0,2.354444444
2013,Meghalaya,82437.0,218.701,7345.200000000001,11911322.129999999,22257.989999999998,2.3611688313333334
2013,Mizoram,38803.0,58.994,5546.4,5606645.47,10476.81,1.6401388890000002
2013,Nagaland,189480.0,429.64,2701.8,27377965.2,51159.6,2.4184848485
2013,Odisha,4180000.0,7610.0,4897.200000000001,603968200.0,1128600.0,2.002502564
2013,Puducherry,15822.0,49.792,3249.6000000000004,2286120.7800000003,4271.94,3.2955555556666667
2013,Punjab,2851000.0,11267.0,586.6,411940990.0,769770.0,3.834090909
2013,Sikkim,11158.0,20.26,2567.6,1612219.42,3012.66,1.76
2013,Tamil Nadu,1725730.0,7115.195,740.9,249350727.7,465947.1,4.491935484
2013,Telangana,1994437.0,6581.09,2697.4,288176202.2,538497.99,3.1594444445
2013,Tripura,254254.0,711.831,2043.5,36737160.46,68648.58,2.775
2013,Uttar Pradesh,5982369.0,14635.836,1990.4,864392496.77,1615239.6300000001,2.437590476
2013,Uttarakhand,259379.0,593.068,3470.8,37477671.70999999,70032.32999999999,2.5447435895
2013,West Bengal,5513687.0,15376.869,5819.700000000001,796672634.64,1488695.4900000002,2.6687037036666665
2014,Andhra Pradesh,2393955.0,8455.584,1375.2,361391446.79999995,790005.15,3.3630769235
2014,Arunachal Pradesh,127200.0,189.992,2403.2,19202112.0,41976.0,1.447058824
2014,Assam,2495297.0,5222.645,5697.0,376690035.16,823448.01,2.040778727333333
2014,Bihar,3263374.0,8241.624,3183.0,492638939.08000004,1076913.42,2.1119977936666667
2014,Chhattisgarh,4035700.0,7977.746,1274.7,609229272.0,1331781.0,1.92962963
2014,Delhi,6035.0,17.269,416.4,911043.6,1991.55,2.86
2014,Goa,41970.0,120.505,6982.4,6335791.2,13850.1,2.8499999999999996
2014,Gujarat,794443.0,1771.583,1211.2,119929115.28,262166.19,2.505767544
2014,Haryana,1277000.0,3989.0,301.3,192775920.0,421410.0,2.9465
2014,Himachal Pradesh,72380.0,116.365,1019.9,10926484.8,23885.4,1.72
2014,Jammu and Kashmir,275861.0,344.823,1278.4,41643976.56,91034.13,1.098947368
2014,Jharkhand,989002.0,1392.782,2313.2,149299741.94,326370.66000000003,1.2133333335
2014,Karnataka,1326535.0,4027.747,3715.5,200253723.6,437756.55,2.719393162333333
2014,Kerala,198159.0,562.092,9139.2,29914082.64,65392.47,2.5058424906666668
2014,Madhya Pradesh,2057000.0,3522.66,891.2,310524720.0,678810.0,1.663488372
2014,Maharashtra,1551200.0,2946.6,2003.2,234169152.0,511896.0,1.915075
2014,Manipur,224380.0,501.98,987.5,33872404.8,74045.4,2.073333333
2014,Meghalaya,110323.0,298.238,10453.2,16654360.080000002,36406.590000000004,2.4439393936666667
2014,Mizoram,36930.0,60.679,6089.700000000001,5574952.8,12186.9,1.8315277776666665
2014,Nagaland,195240.0,454.19,2666.6,29473430.400000002,64429.200000000004,2.4721212120000002
2014,Odisha,4166000.0,9840.0,4610.700000000001,628899360.0,1374780.0,2.1995
2014,Puducherry,16654.0,52.717,3990.0,2514087.84,5495.82,3.3544444446666666
2014,Punjab,2894000.0,11107.0,382.7,436878240.0,955020.0,3.728181818
2014,Sikkim,11040.0,20.07,2627.0,1666598.4,3643.2,1.76
2014,Tamil Nadu,1794991.0,7949.437,911.3,270971841.4,592347.03,4.730322581
2014,Telangana,1415420.0,4544.982,1492.8,213671803.18,467088.6,3.1455555554999997
2014,Tripura,257273.0,746.954,2015.7,38837932.08,84900.09,2.885
2014,Uttar Pradesh,5871976.0,13316.967,1232.8,886433496.92,1937752.08,2.312312121
2014,Uttarakhand,260092.0,600.86,2574.8,39263488.32,85830.36,2.444230769
2014,West Bengal,5526511.0,15927.196,4450.5,834282100.54,1823748.63,2.8237037036666663
2015,Andhra Pradesh,2160795.0,7518.271,1881.4,341211138.4,713062.35,3.381538462
2015,Arunachal Pradesh,128800.0,204.001,2593.2,20338808.0,42504.0,2.0875
2015,Assam,2484987.0,5125.104,6465.900000000001,392404297.14,820045.71,1.9509639126666667
2015,Bihar,3232314.0,6802.216,2622.0,510414703.74,1066663.62,2.0138429406666667
2015,Chhattisgarh,3959746.0,5154.328,1136.0,625283490.9,1306716.18,1.21962963
2015,Delhi,5884.0,16.837,757.7,929142.44,1941.72,2.86
2015,Goa,41344.0,115.068,5174.2,6528631.04,13643.52,2.795
2015,Gujarat,774182.0,1691.864,1168.6,122251079.60000001,255480.06,2.5485281385
2015,Haryana,1353000.0,4142.0,426.8,213652230.0,446490.0,2.963
2015,Himachal Pradesh,71614.0,114.67,1223.2,11308566.74,23632.62,1.612727273
2015,Jammu and Kashmir,304503.0,646.362,1572.6,48084068.73,100485.99,2.05
2015,Jharkhand,1162489.0,762.245,2171.2,183568637.96,383621.37,0.634728261
2015,Karnataka,1110045.0,3020.613,3074.7000000000003,175287205.9,366314.85000000003,2.589288156333333
2015,Kerala,196870.0,549.275,7808.700000000001,31087741.700000003,64967.1,2.456135531333333
2015,Madhya Pradesh,2027000.0,3546.79,1000.7,320083570.0,668910.0,1.701904762
2015,Maharashtra,1502800.0,2593.1,1751.4,237307148.0,495924.0,1.936736111
2015,Manipur,237000.0,508.14,1329.1,37424670.0,78210.0,1.876666667
2015,Meghalaya,110455.0,301.076,11612.400000000001,17441949.049999997,36450.149999999994,2.4854545453333334
2015,Mizoram,37153.0,62.089,6932.400000000001,5866830.23,12260.49,1.9662499999999998
2015,Nagaland,181310.0,439.46,2616.6,28630662.099999998,59832.299999999996,2.5566666665
2015,Odisha,3942000.0,5874.0,3630.2999999999997,622481220.0,1300860.0,1.633780303
2015,Puducherry,16263.0,43.886,5941.799999999999,2568090.33,5366.79,2.322777777666667
2015,Punjab,2975000.0,11823.0,512.6,469782250.0,981750.0,3.923181818
2015,Sikkim,10669.0,19.687,2949.1,1684741.79,3520.77,1.7925
2015,Tamil Nadu,2000212.0,7374.681,1201.9,315853476.9,660069.96,4.061290323
2015,Telangana,1046188.0,3047.289,1495.8,165203547.05,345242.04000000004,2.803888889
2015,Tripura,269793.0,794.848,4668.8,42603012.629999995,89031.69,2.970625
2015,Uttar Pradesh,5862040.0,12501.16,1193.4,925674736.35,1934473.2000000002,2.1955666665
2015,Uttarakhand,265206.0,641.892,2495.2,41878679.46,87517.98,2.8026923075
2015,West Bengal,5523955.0,15948.254,5151.0,872287734.1,1822905.15,2.7685185186666668
2016,Andhra Pradesh,2105019.0,8002.337,1780.0,322594161.75,736756.6499999999,3.544615385
2016,Arunachal Pradesh,131000.0,220.0,2933.7,20075750.0,45850.0,1.606
2016,Assam,2467136.0,5127.435,6890.400000000001,378088592.0,863497.6,1.9381813866666666
2016,Bihar,3339777.0,8238.773,3616.7999999999997,511820825.3,1168921.95,2.2668466036666666
2016,Chhattisgarh,4052587.0,8793.273,1298.9,621058957.8,1418405.45,2.076666667
2016,Delhi,5973.0,17.26,747.1,915362.25,2090.55,2.89
2016,Goa,40823.0,113.227,6533.8,6256124.75,14288.05,2.77
2016,Gujarat,847610.0,1988.471,1421.0,129896232.55,296663.5,2.6039166665
2016,Haryana,1384700.0,4451.0,554.7,212205275.0,484645.0,2.9505
2016,Himachal Pradesh,70855.0,103.557,1373.9,10858528.75,24799.25,1.559090909
2016,Jammu and Kashmir,283443.0,572.213,902.8,43437639.75,99205.05,2.0255
2016,Jharkhand,1342058.0,2775.029,2592.6,205670388.55,469720.3,1.5818333334999999
2016,Karnataka,1034543.0,2874.206,3441.6000000000004,158543714.8,362090.05,2.635897436
2016,Kerala,171398.0,436.483,8772.900000000001,26266743.5,59989.299999999996,2.387014652
2016,Madhya Pradesh,2260000.0,5400.54,1048.4,346345000.0,791000.0,2.040294118
2016,Maharashtra,1535370.0,3580.921,2302.2,235295452.5,537379.5,2.0168055555
2016,Manipur,244000.0,645.6,2039.8,37393000.0,85400.0,2.313333333
2016,Meghalaya,111178.0,304.518,11511.3,17038028.5,38912.3,2.4951515153333332
2016,Mizoram,36858.0,61.516,7880.400000000001,5648488.5,12900.3,1.8845833333333333
2016,Nagaland,206660.0,505.06,3919.6,31670645.0,72331.0,2.5909090910000003
2016,Odisha,3962780.0,9794.31,4381.5,607296035.0,1386973.0,2.2441358023333335
2016,Puducherry,16205.0,52.164,4173.9,2483416.25,5671.75,3.0705555556666666
2016,Punjab,3046000.0,12638.0,635.9,466799500.0,1066100.0,4.066818182
2016,Sikkim,10481.0,19.453,2971.6,1606213.25,3668.35,1.8075
2016,Tamil Nadu,1442841.0,3554.113,912.4,221115383.3,504994.35,3.068387097
2016,Telangana,1828574.0,6599.079,1885.2,280228965.6,640000.8999999999,3.4073333335
2016,Tripura,277106.0,814.644,9901.2,42466494.5,96987.1,2.45125
2016,Uttar Pradesh,5991708.0,14470.352,1930.6,918229251.05,2097097.8,2.4254588235
2016,Uttarakhand,266201.0,638.297,3161.8,40795303.25,93170.35,2.7746153845
2016,West Bengal,5396854.0,15644.574,5387.4,827067875.5999999,1888898.9,2.8098196246666665
2017,Andhra Pradesh,2218186.0,8461.342,1736.4,349231203.8,842910.6799999999,3.568846154
2017,Arunachal Pradesh,132000.0,233.335,2745.5,20782080.0,50160.0,1.6915
2017,Assam,2433711.0,5283.713,6295.690908,383163459.82000005,924810.1799999999,2.062155745666667
2017,Bihar,3306983.0,8093.161,3336.0,520651403.52,1256653.54,2.094288983
2017,Chhattisgarh,3976626.0,5749.044,1124.5,626079997.4,1511117.88,1.386296296
2017,Delhi,5854.0,16.837,533.7,921653.76,2224.52,2.88
2017,Goa,38520.0,102.997,5545.0,6064588.800000001,14637.599999999999,2.745
2017,Gujarat,855290.0,1889.809,1629.6,134656857.64,325010.2,2.3476785715000004
2017,Haryana,1422100.0,4880.0,417.1,223895424.0,540398.0,3.096190476
2017,Himachal Pradesh,71613.0,114.785,1182.2,11274750.72,27212.94,1.618181818
2017,Jammu and Kashmir,273582.0,663.755,1279.1,43072750.08,103961.16,2.31
2017,Jharkhand,1735411.0,3421.253,1165.7,273223107.8,659456.18,2.023333333
2017,Karnataka,992925.0,2907.471,3335.1000000000004,156326112.02,377311.5,2.912260209
2017,Kerala,189086.0,521.31,7994.400000000001,29769699.84,71852.68,2.478278388666667
2017,Madhya Pradesh,2035140.0,4899.058,1600.0,320412441.6,773353.2,1.8860915035
2017,Maharashtra,1450943.0,2730.8,2259.0,228436465.92,551358.34,2.086875
2017,Manipur,236710.0,607.82,1780.0,37267622.4,89949.8,2.18
2017,Meghalaya,111141.0,304.548,13416.900000000001,17498039.04,42233.58,2.496060606
2017,Mizoram,36114.2,59.607,11597.400000000001,5685819.648,13723.396,1.8108333333333333
2017,Nagaland,212000.0,524.44,3444.2,33377280.0,80560.0,2.6242424245000002
2017,Odisha,3766390.0,6551.37,4033.2000000000003,592980441.6,1431228.2,1.8798333333333332
2017,Puducherry,17371.0,55.987,4747.200000000001,2734890.24,6600.98,3.1255555556666668
2017,Punjab,3065000.0,13382.0,497.5,482553600.0,1164700.0,4.252727273
2017,Sikkim,9501.0,17.636,2873.6,1495837.44,3610.38,1.815
2017,Tamil Nadu,1828865.0,6638.45,2912.7,287936505.58,694968.7,4.186095238
2017,Telangana,1962376.0,6263.429,1631.4,308956477.5,745702.88,3.1025
2017,Tripura,274068.0,812.092,13307.2,43149265.92,104145.84,2.475
2017,Uttar Pradesh,5923632.0,15518.603,1304.2,932616622.0400001,2250980.16,2.6056666665
2017,Uttarakhand,260492.0,664.872,2951.6,41011860.48,98986.96,2.566282051
2017,West Bengal,5537431.0,16315.922,5490.0,871813136.64,2104223.7800000003,2.8367532470000003
2018,Andhra Pradesh,2208304.0,8234.539,2441.0,358186908.8,772906.3999999999,3.4815384615
2018,Arunachal Pradesh,133200.0,239.998,2992.9,21605040.0,46620.0,1.737727273
2018,Assam,2425178.0,5437.372,7118.700000000001,393363871.6,848812.3,2.0958641976666663
2018,Bihar,3159722.0,6155.529,4564.200000000001,512506908.4,1105902.7,1.8179186603333335
2018,Chhattisgarh,4141378.0,6509.43,1515.5,671731511.6,1449482.3,1.521481481
2018,Delhi,5848.0,16.826,678.5,948545.6,2046.8,2.88
2018,Goa,36384.0,98.854,8812.0,5901484.800000001,12734.400000000001,2.72
2018,Gujarat,838949.0,1912.015,2250.8,136077527.8,293632.15,2.403576923
2018,Haryana,1447000.0,4516.0,533.2,234703400.0,506450.0,2.94952381
2018,Himachal Pradesh,71810.0,114.896,1052.2,11647582.0,25133.5,1.623636364
2018,Jammu and Kashmir,262012.0,615.799,1016.3,42498346.4,91704.2,2.35
2018,Jharkhand,1527103.0,2894.101,1222.7,247696106.6,534486.05,1.817916667
2018,Karnataka,1199593.0,3461.982,4257.299999999999,194573984.6,419857.55,2.6816777776666663
2018,Kerala,198026.21,578.256,8969.099999999999,32119851.257999998,69309.1735,2.4465567763333333
2018,Madhya Pradesh,2794020.0,5238.85,1102.2,453190044.0,977907.0,1.444901961
2018,Maharashtra,1464986.0,3275.798,2774.8,237620729.2,512745.1,2.206875
2018,Manipur,233500.0,602.43,1196.9,37873700.0,81725.0,2.232222222
2018,Meghalaya,110932.0,302.97,16947.300000000003,17993170.4,38826.2,2.489090909
2018,Mizoram,35550.0,60.01,4995.6,5766210.0,12442.5,1.8425
2018,Nagaland,214450.0,535.04,2745.4,34783790.0,75057.5,2.6360227275000003
2018,Odisha,3859420.0,7733.71,4907.700000000001,625997924.0,1350797.0,1.9637738096666668
2018,Puducherry,17861.0,63.343,5081.700000000001,2897054.2,6251.35,3.4116666666666666
2018,Punjab,3103000.0,12822.0,585.5,503306600.0,1086050.0,4.011818182
2018,Sikkim,9256.0,17.182,3350.1,1501323.2,3239.6,1.82
2018,Tamil Nadu,1721265.0,6131.55,2958.6000000000004,279189183.0,602442.75,3.9770643923333338
2018,Telangana,1931772.0,6668.944,2700.6,313333418.4,676120.2,3.25734375
2018,Tripura,269364.0,793.201,8676.4,43690840.8,94277.4,2.4178125
2018,Uttar Pradesh,5924128.0,16019.695,1585.6,960893561.6,2073444.8,2.6341157895
2018,Uttarakhand,259348.0,626.533,2746.0,42066245.6,90771.8,2.543974359
2018,West Bengal,5512572.0,16507.249,6037.799999999999,894139178.4,1929400.2,2.958816739
2019,Andhra Pradesh,2355982.0,9140.091,1798.4,404663468.3,871713.3400000001,3.6953846155
2019,Arunachal Pradesh,133500.0,244.741,2433.3,22929960.0,49395.0,1.7792
2019,Assam,2400949.0,5214.804,6254.099999999999,412387000.26000005,888351.13,2.0313865146666665
2019,Bihar,3097390.0,6952.518,3584.1000000000004,532007706.44,1146034.3,2.025199457
2019,Chhattisgarh,4266022.0,8569.367,1420.3,732731938.7,1578428.14,1.936428571
2019,Delhi,5848.0,17.58,546.9,1004452.48,2163.76,3.01
2019,Goa,34698.0,90.375,8979.0,5959728.48,12838.26,2.7125000000000004
2019,Gujarat,904350.0,1982.633,2135.6,155331155.95999998,334609.5,2.398571429
2019,Haryana,1558900.0,5194.6,351.8,267756664.0,576793.0,3.048095238
2019,Himachal Pradesh,72620.0,116.879,1217.7,12473211.2,26869.4,1.656363636
2019,Jammu and Kashmir,280513.0,587.099,1324.1,48180912.88,103789.81,2.0755
2019,Jharkhand,1357726.0,3612.589,1137.8,233203017.8,502358.62,2.663333333
2019,Karnataka,1248054.0,3947.973,4266.9,214365755.01999998,461779.98,2.891349753666667
2019,Kerala,198180.0,605.541,9357.599999999999,34039396.8,73326.6,2.4228388279999997
2019,Madhya Pradesh,3110311.0,7363.429,2893.4,534227017.36,1150815.07,1.36775
2019,Maharashtra,1552989.0,2897.433,3111.6,266741390.66,574605.93,1.9585648144999999
2019,Meghalaya,110997.0,303.476,11533.2,19064844.72,41068.89,2.4803030303333333
2019,Mizoram,35210.0,60.239,6535.5,6047669.6,13027.7,1.842083333333333
2019,Nagaland,216950.0,544.97,3186.0,37263332.0,80271.5,2.6445454545000002
2019,Odisha,3940710.0,9755.05,4781.700000000001,676856349.6,1458062.7,2.414687739666667
2019,Puducherry,18238.0,59.345,3951.0,3132558.88,6748.06,3.5500000000000003
2019,Punjab,3142000.0,12675.0,653.2,539669920.0,1162540.0,3.930909091
2019,Sikkim,8685.0,16.137,2740.0,1491735.6,3213.45,1.8225
2019,Tamil Nadu,1907407.0,7265.161,2730.3,327616226.3,705740.5900000001,3.9968761586666663
2019,Telangana,3216213.0,11885.796,2063.4,552416744.9000001,1189998.81,3.593125
2019,Tripura,267335.0,810.244,9011.2,45917459.599999994,98913.95000000001,2.50375
2019,Uttar Pradesh,5924349.0,17027.889,1629.0,1017566183.84,2192009.13,2.896092308
2019,Uttarakhand,257781.0,677.429,2757.8,44276464.56,95378.97,2.7485897435
2019,West Bengal,5490975.0,16476.021,5200.200000000001,943129865.96,2031660.75,2.889978354666667
2020,Uttarakhand,257251.0,724.429,2627.895652,49806366.11,95182.87000000001,2.828205128
